age,sex,bmi,children,smoker,region,charges
50,female,33.7,4,no,southwest,11299.343
50,male,25.365,2,no,northwest,30284.64294
47,male,28.215,4,no,northeast,10407.08585
36,female,27.74,0,no,northeast,5469.0066
32,female,41.1,0,no,southwest,3989.841
42,male,24.64,0,yes,southeast,19515.5416
45,female,39.995,3,no,northeast,9704.66805
51,female,36.385,3,no,northwest,11436.73815
33,male,24.605,2,no,northwest,5257.50795
35,male,38.6,1,no,southwest,4762.329
21,female,21.89,2,no,southeast,3180.5101
19,female,30.59,2,no,northwest,24059.68019
20,female,28.975,0,no,northwest,2257.47525
20,male,33.0,1,no,southwest,1980.07
26,female,17.195,2,yes,northeast,14455.64405
19,female,28.6,5,no,southwest,4687.797
28,female,33.4,0,no,southwest,3172.018
53,female,26.6,0,no,northwest,10355.641
40,male,41.69,0,no,southeast,5438.7491
34,male,21.375,0,no,northeast,4500.33925
27,male,26.03,0,no,northeast,3070.8087
59,female,27.83,3,no,southeast,14001.2867
50,male,34.2,2,yes,southwest,42856.838
52,male,41.8,2,yes,southeast,47269.854
36,female,26.885,0,no,northwest,5267.81815
31,male,20.4,0,no,southwest,3260.199
39,female,23.87,5,no,southeast,8582.3023
25,male,27.55,0,no,northwest,2523.1695
54,male,33.63,1,no,northwest,10825.2537
18,male,34.43,0,no,southeast,1137.4697
53,male,26.41,2,no,northeast,11244.3769
49,male,22.515,0,no,northeast,8688.85885
20,female,26.84,1,yes,southeast,17085.2676
38,female,27.265,1,no,northeast,6555.07035
44,female,36.955,1,no,northwest,8023.13545
64,male,26.41,0,no,northeast,14394.5579
19,female,40.5,0,no,southwest,1759.338
51,female,40.66,0,no,northeast,9875.6804
62,male,32.11,0,no,northeast,13555.0049
51,female,18.05,0,no,northwest,9644.2525
50,female,25.6,0,no,southwest,8932.084
39,female,32.5,1,no,southwest,6238.298
30,male,24.13,1,no,northwest,4032.2407
60,female,24.53,0,no,southeast,12629.8967
19,male,26.03,1,yes,northwest,16450.8947
61,female,29.92,3,yes,southeast,30942.1918
57,female,28.785,4,no,northeast,14394.39815
20,male,27.3,0,yes,southwest,16232.847
27,female,21.47,0,no,northwest,3353.4703
55,female,32.395,1,no,northeast,11879.10405
41,male,30.78,3,yes,northeast,39597.4072
29,male,38.94,1,no,southeast,3471.4096
45,female,35.815,0,no,northwest,7731.85785
52,male,38.6,2,no,southwest,10325.206
28,female,25.935,1,no,northwest,4133.64165
42,male,24.605,2,yes,northeast,21259.37795
55,male,32.67,1,no,southeast,10807.4863
31,female,25.8,2,no,southwest,4934.705
60,female,35.1,0,no,southwest,12644.589
51,male,33.33,3,no,southeast,10560.4917
23,female,31.4,0,yes,southwest,34166.273
46,male,27.6,0,no,southwest,24603.04837
62,male,30.875,3,yes,northwest,46718.16325
24,female,33.99,0,no,southeast,2473.3341
46,female,33.725,1,no,northeast,8823.98575
53,male,36.1,1,no,southwest,10085.846
25,female,42.13,1,no,southeast,3238.4357
35,female,31.0,1,no,southwest,5240.765
49,female,36.63,3,no,southeast,10381.4787
63,female,21.66,0,no,northeast,14449.8544
19,female,24.7,0,no,southwest,1737.376
35,female,23.465,2,no,northeast,6402.29135
27,female,23.21,1,no,southeast,3561.8889
37,female,47.6,2,yes,southwest,46113.511
56,male,22.1,0,no,southwest,10577.087
49,female,42.68,2,no,southeast,9800.8882
60,male,25.74,0,no,southeast,12142.5786
28,female,23.845,2,no,northwest,4719.73655
61,male,23.655,0,no,northeast,13129.60345
31,male,39.49,1,no,southeast,3875.7341
45,female,38.285,0,no,northeast,7935.29115
33,female,36.29,3,no,northeast,6551.7501
26,female,29.92,2,no,southeast,3981.9768
56,male,34.43,0,no,southeast,10594.2257
44,male,32.015,2,no,northwest,8116.26885
22,male,37.07,2,yes,southeast,37484.4493
36,male,31.5,0,no,southwest,4402.233
34,female,38.0,3,no,southwest,6196.448
25,male,35.625,0,no,northwest,2534.39375
50,female,31.6,2,no,southwest,10118.424
57,male,43.7,1,no,southwest,11576.13
40,female,32.775,2,yes,northwest,40003.33225
25,female,28.595,0,no,northeast,3213.62205
19,male,27.835,0,no,northwest,1635.73365
57,female,38.0,2,no,southwest,12646.207
54,male,32.775,0,no,northeast,10435.06525
56,male,25.935,0,no,northeast,11165.41765
49,male,30.9,0,yes,southwest,39727.614
25,female,26.79,2,no,northwest,4189.1131
48,female,28.88,1,no,northwest,9249.4952
36,female,29.92,1,no,southeast,5478.0368
24,male,40.15,0,yes,southeast,38126.2465
30,female,27.7,0,no,southwest,3554.203
60,male,29.64,0,no,northeast,12730.9996
19,female,17.8,0,no,southwest,1727.785
52,male,32.775,3,no,northwest,11289.10925
50,male,27.455,1,no,northeast,9617.66245
61,male,36.1,3,no,southwest,27941.28758
54,female,32.3,1,no,northeast,11512.405
41,male,34.2,2,no,northwest,7261.741
47,male,32.3,1,no,southwest,8062.764
36,male,35.2,1,yes,southeast,38709.176
48,male,30.78,3,no,northeast,10141.1362
19,female,36.575,0,no,northwest,2136.88225
20,male,29.735,0,no,northwest,1769.53165
46,male,25.745,3,no,northwest,9301.89355
21,female,21.85,1,yes,northeast,15359.1045
28,female,37.62,1,no,southeast,3766.8838
61,female,28.2,0,no,southwest,13041.921
37,female,25.555,1,yes,northeast,20296.86345
25,female,23.465,0,no,northeast,3206.49135
40,male,32.775,1,yes,northeast,39125.33225
29,female,29.59,1,no,southeast,3947.4131
35,female,38.095,2,no,northeast,24915.04626
56,male,36.1,3,no,southwest,12363.547
63,male,39.8,3,no,southwest,15170.069
24,female,22.6,0,no,southwest,2457.502
47,male,28.215,3,yes,northwest,24915.22085
46,female,30.2,2,no,southwest,8825.086
25,male,26.695,4,no,northwest,4877.98105
23,male,17.385,1,no,northwest,2775.19215
19,male,25.175,0,no,northwest,1632.03625
58,female,29.0,0,no,southwest,11842.442
38,male,28.27,1,no,southeast,5484.4673
20,male,28.025,1,yes,northwest,17560.37975
47,female,29.545,1,no,northwest,8930.93455
33,female,35.53,0,yes,northwest,55135.40209
52,male,36.7,0,no,southwest,9144.565
39,male,34.1,2,no,southeast,23563.01618
31,male,26.885,1,no,northeast,4441.21315
48,male,31.445,1,no,northeast,8964.06055
19,female,22.515,0,no,northwest,2117.33885
55,female,40.81,3,no,southeast,12485.8009
43,male,20.13,2,yes,southeast,18767.7377
59,female,26.695,3,no,northwest,14382.70905
18,female,21.66,0,yes,northeast,14283.4594
18,female,31.13,0,no,southeast,1621.8827
26,male,30.0,1,no,southwest,2904.088
39,female,26.315,2,no,northwest,7201.70085
18,male,15.96,0,no,northeast,1694.7964
26,female,42.4,1,no,southwest,3410.324
56,female,41.91,0,no,southeast,11093.6229
46,female,28.05,1,no,southeast,8233.0975
22,female,28.82,0,no,southeast,2156.7518
18,male,33.535,0,yes,northeast,34617.84065
49,male,28.69,3,no,northwest,10264.4421
19,male,25.555,1,no,northwest,2221.56445
35,female,28.025,0,yes,northwest,20234.85475
51,female,34.2,1,no,southwest,9872.701
19,female,30.02,0,yes,northwest,33307.5508
20,male,30.115,5,no,northeast,4915.05985
29,female,24.6,2,no,southwest,4529.477
23,female,24.225,2,no,northeast,22395.74424
23,male,41.91,0,no,southeast,1837.2819
23,female,34.865,0,no,northeast,2899.48935
55,male,37.3,0,no,southwest,20630.28351
63,female,26.98,0,yes,northwest,28950.4692
60,male,33.11,3,no,southeast,13919.8229
42,female,29.0,1,no,southwest,7050.642
51,female,36.67,2,no,northwest,10848.1343
54,male,30.8,1,yes,southeast,41999.52
59,female,35.2,0,no,southeast,12244.531
48,male,40.565,2,yes,northwest,45702.02235
31,female,29.26,1,no,southeast,4350.5144
57,female,29.81,0,yes,southeast,27533.9129
36,male,30.875,1,no,northwest,5373.36425
21,female,32.68,2,no,northwest,26018.95052
21,male,27.36,0,no,northeast,2104.1134
55,male,37.715,3,no,northwest,30063.58055
25,male,26.22,0,no,northeast,2721.3208
42,male,34.1,0,no,southwest,5979.731
18,male,21.47,0,no,northeast,1702.4553
22,female,24.3,0,no,southwest,2150.469
45,male,22.895,2,yes,northwest,21098.55405
61,male,38.38,0,no,northwest,12950.0712
44,female,29.81,2,no,southeast,8219.2039
20,male,35.31,1,no,southeast,27724.28875
34,male,34.675,0,no,northeast,4518.82625
20,female,21.8,0,yes,southwest,20167.33603
49,male,29.83,1,no,northeast,9288.0267
38,male,16.815,2,no,northeast,6640.54485
27,male,31.13,1,yes,southeast,34806.4677
31,male,30.875,0,no,northeast,3857.75925
38,female,30.21,3,no,northwest,7537.1639
43,female,26.885,0,yes,northwest,21774.32215
44,male,29.735,2,no,northeast,32108.66282
26,female,29.92,1,no,southeast,3392.9768
58,female,28.215,0,no,northwest,12224.35085
19,male,20.425,0,no,northwest,1625.43375
21,male,25.7,4,yes,southwest,17942.106
58,female,31.825,2,no,northeast,13607.36875
41,female,28.05,1,no,southeast,6770.1925
39,female,32.8,0,no,southwest,5649.715
19,female,37.43,0,no,northwest,2138.0707
37,male,46.53,3,no,southeast,6435.6237
53,female,26.7,2,no,southwest,11150.78
35,male,17.86,1,no,northwest,5116.5004
24,male,29.3,0,no,southwest,1977.815
30,male,31.57,3,no,southeast,4837.5823
52,female,33.3,2,no,southwest,10806.839
55,male,35.245,1,no,northeast,11394.06555
47,female,27.83,0,yes,southeast,23065.4207
27,female,17.955,2,yes,northeast,15006.57945
20,male,31.13,2,no,southeast,2566.4707
54,male,31.6,0,no,southwest,9850.432
59,male,27.5,1,no,southwest,12333.828
49,female,29.925,0,no,northwest,8988.15875
47,female,24.32,0,no,northeast,8534.6718
30,male,27.645,1,no,northeast,4237.12655
46,female,28.9,2,no,southwest,8823.279
57,male,40.37,0,no,southeast,10982.5013
45,male,24.035,2,no,northeast,8604.48365
57,female,23.18,0,no,northwest,11830.6072
34,female,26.41,1,no,northwest,5385.3379
57,male,23.7,0,no,southwest,10959.33
28,male,24.3,5,no,southwest,5615.369
46,female,33.44,1,no,southeast,8240.5896
46,female,23.655,1,yes,northwest,21677.28345
29,female,32.11,2,no,northwest,4922.9159
41,female,36.08,1,no,southeast,6781.3542
37,male,34.2,1,yes,northeast,39047.285
36,male,28.88,3,no,northeast,6748.5912
23,male,32.7,3,no,southwest,3591.48
31,male,36.3,2,yes,southwest,38711.0
46,male,25.8,5,no,southwest,10096.97
18,female,37.29,1,no,southeast,2219.4451
45,female,25.175,2,no,northeast,9095.06825
40,female,22.22,2,yes,southeast,19444.2658
40,male,29.9,2,no,southwest,6600.361
32,male,30.03,1,no,southeast,4074.4537
32,female,29.8,2,no,southwest,5152.134
49,female,22.61,1,no,northwest,9566.9909
47,male,29.83,3,no,northwest,9620.3307
39,female,24.89,3,yes,northeast,21659.9301
29,male,31.73,2,no,northwest,4433.3877
53,female,39.6,1,no,southeast,10579.711
23,female,36.67,2,yes,northeast,38511.6283
61,female,25.08,0,no,southeast,24513.09126
27,male,32.585,3,no,northeast,4846.92015
63,male,28.31,0,no,northwest,13770.0979
58,female,27.17,0,no,northwest,12222.8983
41,female,31.6,0,no,southwest,6186.127
46,male,30.495,3,yes,northwest,40720.55105
21,male,35.53,0,no,southeast,1532.4697
57,male,40.28,0,no,northeast,20709.02034
62,female,26.29,0,yes,southeast,27808.7251
37,male,22.705,3,no,northeast,6985.50695
21,female,26.4,1,no,southwest,2597.779
33,female,18.5,1,no,southwest,4766.022
48,female,27.93,4,no,northwest,11015.1747
22,female,39.805,0,no,northeast,2755.02095
24,female,23.21,0,no,southeast,25081.76784
48,female,33.11,0,yes,southeast,40974.1649
48,male,29.6,0,no,southwest,21232.18226
34,male,35.815,0,no,northwest,4320.41085
21,male,36.86,0,no,northwest,1917.3184
20,male,40.47,0,no,northeast,1984.4533
18,female,31.92,0,no,northeast,2205.9808
18,male,23.75,0,no,northeast,1705.6245
41,female,37.1,2,no,southwest,7371.772
62,male,31.46,1,no,southeast,27000.98473
19,male,35.53,0,no,northwest,1646.4297
46,male,38.17,2,no,southeast,8347.1643
28,female,33.11,0,no,southeast,3171.6149
48,female,28.9,0,no,southwest,8277.523
62,male,21.4,0,no,southwest,12957.118
33,female,42.94,3,no,northwest,6360.9936
54,female,23.0,3,no,southwest,12094.478
29,male,34.4,0,yes,southwest,36197.699
45,male,21.375,0,no,northwest,7222.78625
58,female,33.1,0,no,southwest,11848.141
24,male,28.5,0,yes,northeast,35147.52848
53,male,24.32,0,no,northwest,9863.4718
25,female,32.23,1,no,southeast,18218.16139
21,female,25.8,0,no,southwest,2007.945
28,male,29.26,2,no,northeast,4438.2634
60,female,25.84,0,no,northwest,28923.13692
60,female,28.7,1,no,southwest,13224.693
34,female,23.56,0,no,northeast,4992.3764
44,female,38.95,0,yes,northwest,42983.4585
21,female,22.135,0,no,northeast,2585.85065
61,female,44.0,0,no,southwest,13063.883
21,male,31.1,0,no,southwest,1526.312
62,female,38.095,2,no,northeast,15230.32405
53,male,28.88,0,no,northwest,9869.8102
47,male,19.19,1,no,northeast,8627.5411
44,female,36.48,0,no,northeast,12797.20962
56,female,27.2,0,no,southwest,11073.176
30,male,31.4,1,no,southwest,3659.346
40,female,23.37,3,no,northeast,8252.2843
31,female,31.065,0,no,northeast,4347.02335
47,female,32.0,1,no,southwest,8551.347
18,female,30.305,0,no,northeast,2203.73595
18,male,23.21,0,no,southeast,1121.8739
24,female,39.49,0,no,southeast,2480.9791
20,female,31.46,0,no,southeast,1877.9294
48,male,37.29,2,no,southeast,8978.1851
59,female,26.505,0,no,northeast,12815.44495
51,male,37.0,0,no,southwest,8798.593
18,female,28.215,0,no,northeast,2200.83085
55,male,33.88,3,no,southeast,11987.1682
30,male,35.53,0,yes,southeast,36950.2567
21,female,33.63,2,no,northwest,3579.8287
19,female,25.745,1,no,northwest,2710.82855
59,female,27.5,0,no,southwest,12233.828
52,female,30.78,1,no,northeast,10797.3362
62,female,31.73,0,no,northeast,14043.4767
33,male,29.4,4,no,southwest,6059.173
26,male,46.53,1,no,southeast,2927.0647
26,female,29.355,2,no,northeast,4564.19145
18,female,33.88,0,no,southeast,11482.63485
62,female,39.16,0,no,southeast,13470.8044
40,male,29.355,1,no,northwest,6393.60345
18,female,29.165,0,no,northeast,7323.734819
24,female,30.1,3,no,southwest,4234.927
59,male,25.46,1,no,northeast,12913.9924
28,female,34.77,0,no,northwest,3556.9223
54,male,25.46,1,no,northeast,25517.11363
36,male,28.025,1,yes,northeast,20773.62775
21,female,16.815,1,no,northeast,3167.45585
22,female,27.1,0,no,southwest,2154.361
45,female,27.645,1,no,northwest,28340.18885
40,male,35.3,3,no,southwest,7196.867
24,female,26.6,0,no,northeast,3046.062
28,female,28.88,1,no,northeast,4337.7352
37,male,28.025,2,no,northwest,6203.90175
45,female,33.1,0,no,southwest,7345.084
59,female,36.52,1,no,southeast,28287.89766
40,male,32.3,2,no,northwest,6986.697
51,male,31.635,0,no,northwest,9174.13565
33,female,32.9,2,no,southwest,5375.038
27,male,33.66,0,no,southeast,2498.4144
59,male,26.4,0,no,southeast,11743.299
33,male,27.1,1,yes,southwest,19040.876
49,female,30.78,1,no,northeast,9778.3472
29,female,38.83,3,no,southeast,5138.2567
18,male,26.125,0,no,northeast,1708.92575
54,female,24.605,3,no,northwest,12479.70895
49,male,31.35,1,no,northeast,9290.1395
53,male,36.6,3,no,southwest,11264.541
41,male,30.59,2,no,northwest,7256.7231
35,male,34.32,3,no,southeast,5934.3798
49,female,27.17,0,no,southeast,8601.3293
64,female,32.965,0,no,northwest,14692.66935
42,female,32.87,0,no,northeast,7050.0213
63,male,41.47,0,no,southeast,13405.3903
27,male,33.155,2,no,northwest,4058.71245
19,male,27.7,0,yes,southwest,16297.846
51,male,25.4,0,no,southwest,8782.469
62,female,25.0,0,no,southwest,13451.122
56,male,26.695,1,yes,northwest,26109.32905
38,female,40.15,0,no,southeast,5400.9805
57,male,34.01,0,no,northwest,11356.6609
32,female,20.52,0,no,northeast,4544.2348
54,male,39.6,1,no,southwest,10450.552
18,female,30.115,0,no,northeast,2203.47185
55,male,32.775,0,no,northwest,10601.63225
22,male,37.62,1,yes,southeast,37165.1638
37,male,36.19,0,no,southeast,19214.70553
48,female,22.8,0,no,southwest,8269.044
57,male,42.13,1,yes,southeast,48675.5177
63,male,30.8,0,no,southwest,13390.559
55,female,30.14,2,no,southeast,11881.9696
53,female,32.3,2,no,northeast,29186.48236
57,male,40.945,0,no,northeast,11566.30055
58,female,32.395,1,no,northeast,13019.16105
18,female,40.28,0,no,northeast,2217.6012
49,female,34.77,1,no,northwest,9583.8933
26,female,22.61,0,no,northwest,3176.8159
57,male,18.335,0,no,northeast,11534.87265
42,male,30.0,0,yes,southwest,22144.032
28,female,27.5,2,no,southwest,20177.67113
48,male,32.3,1,no,northwest,8765.249
52,male,33.25,0,no,northeast,9722.7695
55,male,38.28,0,no,southeast,10226.2842
19,male,34.9,0,yes,southwest,34828.654
49,female,41.47,4,no,southeast,10977.2063
61,male,31.57,0,no,southeast,12557.6053
24,female,30.21,3,no,northwest,4618.0799
64,male,33.88,0,yes,southeast,46889.2612
34,female,30.21,1,yes,northwest,43943.8761
53,male,34.105,0,yes,northeast,43254.41795
31,male,31.065,3,no,northwest,5425.02335
55,male,33.0,0,no,southeast,20781.48892
25,male,26.8,3,no,southwest,3906.127
48,male,35.625,4,no,northeast,10736.87075
60,female,32.45,0,yes,southeast,45008.9555
64,male,24.7,1,no,northwest,30166.61817
64,female,39.33,0,no,northeast,14901.5167
47,male,36.19,0,yes,southeast,41676.0811
35,female,26.125,0,no,northeast,5227.98875
55,male,21.5,1,no,southwest,10791.96
24,female,33.345,0,no,northwest,2855.43755
41,male,32.2,2,no,southwest,6875.961
62,male,32.015,0,yes,northeast,45710.20785
52,female,37.525,2,no,northwest,33471.97189
18,female,40.185,0,no,northeast,2217.46915
23,female,32.78,2,yes,southeast,36021.0112
27,male,28.5,0,yes,northwest,18310.742
50,male,36.2,0,no,southwest,8457.818
39,male,45.43,2,no,southeast,6356.2707
23,male,34.4,0,no,southwest,1826.843
18,male,33.33,0,no,southeast,1135.9407
19,female,18.6,0,no,southwest,1728.897
51,male,32.3,1,no,northeast,9964.06
23,female,23.18,2,no,northwest,14426.07385
37,male,30.8,0,no,southwest,4646.759
59,male,24.7,0,no,northeast,12323.936
61,female,39.1,2,no,southwest,14235.072
41,male,33.55,0,no,southeast,5699.8375
50,female,27.36,0,no,northeast,25656.57526
30,male,25.46,0,no,northeast,3645.0894
54,male,25.1,3,yes,southwest,25382.297
58,female,22.77,0,no,southeast,11833.7823
64,female,39.7,0,no,southwest,14319.031
50,male,30.97,3,no,northwest,10600.5483
64,male,23.76,0,yes,southeast,26926.5144
33,female,33.5,0,yes,southwest,37079.372
62,male,38.83,0,no,southeast,12981.3457
27,female,30.59,1,no,northeast,16796.41194
63,female,23.085,0,no,northeast,14451.83515
47,male,29.8,3,yes,southwest,25309.489
24,female,27.72,0,no,southeast,2464.6188
29,female,27.94,1,yes,southeast,19107.7796
43,female,30.685,2,no,northwest,8310.83915
28,female,25.8,0,no,southwest,3161.454
39,female,34.1,3,no,southwest,7418.522
53,male,31.35,0,no,southeast,27346.04207
61,female,21.09,0,no,northwest,13415.0381
34,male,32.8,1,no,southwest,14358.36437
31,female,36.63,2,no,southeast,4949.7587
52,male,34.1,0,no,southeast,9140.951
47,female,27.645,2,yes,northwest,24535.69855
62,female,30.495,2,no,northwest,15019.76005
29,female,20.235,2,no,northwest,4906.40965
23,female,39.27,2,no,southeast,3500.6123
64,female,22.99,0,yes,southeast,27037.9141
51,female,34.96,2,yes,northeast,44641.1974
21,male,31.02,0,no,southeast,16586.49771
39,female,34.32,5,no,southeast,8596.8278
60,male,40.92,0,yes,southeast,48673.5588
34,male,22.42,2,no,northeast,27375.90478
51,male,39.7,1,no,southwest,9391.346
54,female,31.9,3,no,southeast,27322.73386
23,female,28.0,0,no,southwest,13126.67745
55,male,30.685,0,yes,northeast,42303.69215
58,male,25.175,0,no,northeast,11931.12525
39,male,21.85,1,no,northwest,6117.4945
28,male,31.68,0,yes,southeast,34672.1472
48,female,27.36,1,no,northeast,9447.3824
35,male,39.71,4,no,northeast,19496.71917
59,male,28.785,0,no,northwest,12129.61415
35,male,28.9,3,no,southwest,5926.846
52,female,38.38,2,no,northeast,11396.9002
43,male,35.31,2,no,southeast,18806.14547
57,female,20.1,1,no,southwest,12032.326
47,male,36.08,1,yes,southeast,42211.1382
44,male,30.2,2,yes,southwest,38998.546
21,male,26.03,0,no,northeast,2102.2647
53,female,36.86,3,yes,northwest,46661.4424
51,male,24.415,4,no,northwest,11520.09985
20,male,27.93,0,no,northeast,1967.0227
43,male,25.52,5,no,southeast,14478.33015
29,female,25.9,0,no,southwest,3353.284
44,male,25.365,1,no,northwest,7518.02535
18,male,33.77,1,no,southeast,1725.5523
29,female,31.16,0,no,northeast,3943.5954
33,male,35.75,2,no,southeast,4889.9995
64,female,33.8,1,yes,southwest,47928.03
39,male,24.51,2,no,northwest,6710.1919
43,male,26.03,0,no,northeast,6837.3687
39,male,28.3,1,yes,southwest,21082.16
23,female,42.75,1,yes,northeast,40904.1995
38,female,27.6,0,no,southwest,5383.536
20,female,24.42,0,yes,southeast,26125.67477
63,male,36.765,0,no,northeast,13981.85035
58,female,25.2,0,no,southwest,11837.16
31,female,29.1,0,no,southwest,3761.292
30,male,28.69,3,yes,northwest,20745.9891
33,male,35.75,1,yes,southeast,38282.7495
37,female,30.8,2,no,southeast,6313.759
18,male,37.29,0,no,southeast,1141.4451
31,female,30.495,3,no,northeast,6113.23105
19,male,34.1,0,no,southwest,1261.442
59,male,29.7,2,no,southeast,12925.886
37,male,29.83,2,no,northeast,6406.4107
42,female,40.37,2,yes,southeast,43896.3763
52,female,37.4,0,no,southwest,9634.538
30,male,37.43,3,no,northeast,5428.7277
19,female,32.11,0,no,northwest,2130.6759
54,female,31.24,0,no,southeast,10338.9316
22,male,39.5,0,no,southwest,1682.597
31,female,23.6,2,no,southwest,4931.647
47,female,45.32,1,no,southeast,8569.8618
36,male,29.7,0,no,southeast,4399.731
18,male,43.01,0,no,southeast,1149.3959
53,female,38.06,3,no,southeast,20462.99766
22,male,31.35,1,no,northwest,2643.2685
38,female,30.69,1,no,southeast,5976.8311
41,female,21.755,1,no,northeast,13725.47184
31,female,21.755,0,no,northwest,4134.08245
34,male,30.8,0,yes,southwest,35491.64
31,female,32.68,1,no,northwest,4738.2682
46,female,34.6,1,yes,southwest,41661.602
42,male,26.315,1,no,northwest,6940.90985
30,female,27.93,0,no,northeast,4137.5227
18,female,25.08,0,no,northeast,2196.4732
45,male,24.31,5,no,southeast,9788.8659
18,female,24.09,1,no,southeast,2201.0971
23,female,28.12,0,no,northwest,2690.1138
23,male,31.73,3,yes,northeast,36189.1017
34,male,27.0,2,no,southwest,11737.84884
34,male,27.835,1,yes,northwest,20009.63365
40,female,33.0,3,no,southeast,7682.67
62,female,33.2,0,no,southwest,13462.52
37,female,17.29,2,no,northeast,6877.9801
31,male,34.39,3,yes,northwest,38746.3551
44,male,22.135,2,no,northeast,8302.53565
37,male,24.32,2,no,northwest,6198.7518
34,female,19.0,3,no,northeast,6753.038
48,female,33.33,0,no,southeast,8283.6807
30,female,21.945,1,no,northeast,4718.20355
40,male,26.315,1,no,northwest,6389.37785
57,male,28.1,0,no,southwest,10965.446
40,female,28.69,3,no,northwest,8059.6791
53,female,35.9,2,no,southwest,11163.568
63,female,36.85,0,no,southeast,13887.9685
50,male,32.11,2,no,northeast,25333.33284
51,female,25.8,1,no,southwest,9861.025
58,female,33.44,0,no,northwest,12231.6136
30,male,44.22,2,no,southeast,4266.1658
29,female,21.755,1,yes,northeast,16657.71745
47,male,38.94,2,yes,southeast,44202.6536
20,female,33.3,0,no,southwest,1880.487
53,male,29.48,0,no,southeast,9487.6442
36,male,27.55,3,no,northeast,6746.7425
37,male,34.1,4,yes,southwest,40182.246
62,female,32.68,0,no,northwest,13844.7972
46,male,42.35,3,yes,southeast,46151.1245
31,female,32.775,2,no,northwest,5327.40025
55,male,27.645,0,no,northwest,10594.50155
45,male,20.35,3,no,southeast,8605.3615
52,female,23.18,0,no,northeast,10197.7722
35,female,27.7,3,no,southwest,6414.178
18,female,38.17,0,no,southeast,1631.6683
18,female,36.85,0,yes,southeast,36149.4835
29,male,29.735,2,no,northwest,18157.876
34,male,25.27,1,no,northwest,4894.7533
45,male,39.805,0,no,northeast,7448.40395
44,female,27.645,0,no,northwest,7421.19455
63,male,35.09,0,yes,southeast,47055.5321
24,male,33.63,4,no,northeast,17128.42608
36,male,33.4,2,yes,southwest,38415.474
26,female,19.8,1,no,southwest,3378.91
23,male,50.38,1,no,southeast,2438.0552
54,female,32.68,0,no,northeast,10923.9332
43,female,20.045,2,yes,northeast,19798.05455
26,male,32.9,2,yes,southwest,36085.219
30,female,22.895,1,no,northeast,4719.52405
35,male,27.74,2,yes,northeast,20984.0936
57,female,28.7,0,no,southwest,11455.28
18,male,41.14,0,no,southeast,1146.7966
45,female,27.83,2,no,southeast,8515.7587
43,female,35.72,2,no,northeast,19144.57652
19,male,21.755,0,no,northwest,1627.28245
27,female,31.255,1,no,northwest,3956.07145
56,female,33.82,2,no,northwest,12643.3778
30,female,23.655,3,yes,northwest,18765.87545
18,male,35.2,1,no,southeast,1727.54
47,male,47.52,1,no,southeast,8083.9198
19,male,30.25,0,yes,southeast,32548.3405
46,female,48.07,2,no,northeast,9432.9253
55,female,29.83,0,no,northeast,11286.5387
53,male,31.16,1,no,northwest,10461.9794
40,female,41.42,1,no,northwest,28476.73499
32,male,28.88,0,no,northwest,3866.8552
62,male,37.4,0,no,southwest,12979.358
23,female,28.31,0,yes,northwest,18033.9679
53,female,22.61,3,yes,northeast,24873.3849
58,male,34.39,0,no,northwest,11743.9341
22,male,28.88,0,no,northeast,2250.8352
22,male,31.73,0,no,northeast,2254.7967
37,female,29.5,2,no,southwest,6311.952
27,female,30.4,3,no,northwest,18804.7524
55,female,35.2,0,yes,southeast,44423.803
38,male,28.025,1,no,northeast,6067.12675
37,female,27.74,3,no,northwest,7281.5056
20,female,37.0,5,no,southwest,4830.63
57,female,23.98,1,no,southeast,22192.43711
19,female,27.93,3,no,northwest,18838.70366
52,male,26.4,3,no,southeast,25992.82104
53,male,30.495,0,no,northeast,10072.05505
51,male,23.21,1,yes,southeast,22218.1149
61,male,43.4,0,no,southwest,12574.049
18,male,39.14,0,no,northeast,12890.05765
64,female,35.97,0,no,southeast,14313.8463
60,female,27.55,0,no,northeast,13217.0945
51,female,37.73,1,no,southeast,9877.6077
47,female,23.6,1,no,southwest,8539.671
45,male,30.2,1,no,southwest,7441.053
47,female,36.0,1,no,southwest,8556.907
49,male,32.3,3,no,northwest,10269.46
42,male,26.125,2,no,northeast,7729.64575
21,male,20.235,3,no,northeast,3861.20965
23,male,23.845,0,no,northeast,2395.17155
20,female,28.785,0,no,northeast,2457.21115
30,male,24.4,3,yes,southwest,18259.216
57,male,31.54,0,no,northwest,11353.2276
27,female,20.045,3,yes,northwest,16420.49455
21,male,36.85,0,no,southeast,1534.3045
58,male,36.955,2,yes,northwest,47496.49445
45,male,30.36,0,yes,southeast,62592.87309
36,female,19.855,0,no,northeast,5458.04645
32,male,37.18,2,no,southeast,4673.3922
59,female,32.395,3,no,northeast,14590.63205
44,female,20.235,1,yes,northeast,19594.80965
26,male,35.42,0,no,southeast,2322.6218
40,male,24.97,2,no,southeast,6593.5083
35,male,27.61,1,no,southeast,4747.0529
36,female,25.9,1,no,southwest,5472.449
59,female,31.35,0,no,northwest,12622.1795
34,female,27.72,0,no,southeast,4415.1588
19,female,35.15,0,no,northwest,2134.9015
30,female,32.4,1,no,southwest,4149.736
25,male,29.7,3,yes,southwest,19933.458
18,female,20.79,0,no,southeast,1607.5101
64,male,25.6,2,no,southwest,14988.432
28,male,38.06,0,no,southeast,2689.4954
19,female,24.605,1,no,northwest,2709.24395
49,male,25.84,2,yes,northwest,23807.2406
31,male,38.39,2,no,southeast,4463.2051
47,female,26.125,1,yes,northeast,23401.30575
61,female,29.07,0,yes,northwest,29141.3603
26,male,23.7,2,no,southwest,3484.331
56,female,28.595,0,no,northeast,11658.11505
25,female,30.3,0,no,southwest,2632.992
43,female,25.08,0,no,northeast,7325.0482
56,male,39.6,0,no,southwest,10601.412
41,male,29.64,5,no,northeast,9222.4026
27,male,18.905,3,no,northeast,4827.90495
31,female,38.095,1,yes,northeast,58571.07448
32,female,23.65,1,no,southeast,17626.23951
49,male,25.6,2,yes,southwest,23306.547
58,male,34.865,0,no,northeast,11944.59435
52,female,18.335,0,no,northwest,9991.03765
18,female,31.35,0,no,southeast,1622.1885
50,female,27.075,1,no,northeast,10106.13425
34,male,25.3,2,yes,southeast,18972.495
19,female,32.49,0,yes,northwest,36898.73308
20,male,35.625,3,yes,northwest,37465.34375
54,female,21.47,3,no,northwest,12475.3513
51,female,37.05,3,yes,northeast,46255.1125
57,female,31.825,0,no,northwest,11842.62375
42,female,23.37,0,yes,northeast,19964.7463
58,female,39.05,0,no,southeast,11856.4115
47,male,25.41,1,yes,southeast,21978.6769
48,male,36.67,1,no,northwest,28468.91901
58,male,38.0,0,no,southwest,11365.952
35,male,34.77,2,no,northwest,5729.0053
50,male,32.3,1,yes,northeast,41919.097
29,female,25.6,4,no,southwest,5708.867
26,female,40.185,0,no,northwest,3201.24515
43,female,35.64,1,no,southeast,7345.7266
41,female,32.2,1,no,southwest,6775.961
18,female,35.625,0,no,northeast,2211.13075
21,male,23.21,0,no,southeast,1515.3449
61,female,36.385,1,yes,northeast,48517.56315
49,female,23.845,3,yes,northeast,24106.91255
23,female,33.4,0,no,southwest,10795.93733
42,female,25.3,1,no,southwest,7045.499
22,male,52.58,1,yes,southeast,44501.3982
47,male,19.57,1,no,northwest,8428.0693
20,male,30.685,0,yes,northeast,33475.81715
32,female,29.735,0,no,northwest,4357.04365
41,female,31.635,1,no,northeast,7358.17565
25,female,22.515,1,no,northwest,3594.17085
44,male,39.52,0,no,northwest,6948.7008
24,female,20.52,0,yes,northeast,14571.8908
54,male,34.21,2,yes,southeast,44260.7499
51,male,27.74,1,no,northeast,9957.7216
36,male,34.43,0,yes,southeast,37742.5757
26,male,33.915,1,no,northwest,3292.52985
38,male,31.0,1,no,southwest,5488.262
36,male,34.43,2,no,southeast,5584.3057
42,female,26.18,1,no,southeast,7046.7222
32,female,44.22,0,no,southeast,3994.1778
61,female,35.91,0,no,northeast,13635.6379
22,male,26.84,0,no,southeast,1664.9996
57,female,31.16,0,yes,northwest,43578.9394
25,female,30.2,0,yes,southwest,33900.653
29,female,21.85,0,yes,northeast,16115.3045
56,male,33.63,0,yes,northwest,43921.1837
30,male,37.8,2,yes,southwest,39241.442
29,male,29.64,1,no,northeast,20277.80751
63,female,25.08,0,no,northwest,14254.6082
28,female,17.29,0,no,northeast,3732.6251
52,male,36.765,2,no,northwest,26467.09737
52,female,25.3,2,yes,southeast,24667.419
41,male,28.405,1,no,northwest,6664.68595
30,female,39.05,3,yes,southeast,40932.4295
20,male,22.0,1,no,southwest,1964.78
60,male,31.35,3,yes,northwest,46130.5265
46,female,19.95,2,no,northwest,9193.8385
53,female,28.1,3,no,southwest,11741.726
37,female,26.4,0,yes,southeast,19539.243
19,male,34.8,0,yes,southwest,34779.615
41,male,23.94,1,no,northeast,6858.4796
27,female,34.8,1,no,southwest,3577.999
34,female,33.25,1,no,northeast,5594.8455
53,male,20.9,0,yes,southeast,21195.818
52,female,30.875,0,no,northeast,23045.56616
49,male,36.85,0,no,southeast,8125.7845
39,male,29.925,1,yes,northeast,22462.04375
50,male,25.3,0,no,southeast,8442.667
61,female,22.04,0,no,northeast,13616.3586
46,female,27.72,1,no,southeast,8232.6388
18,male,23.085,0,no,northeast,1704.70015
43,male,38.06,2,yes,southeast,42560.4304
40,female,28.12,1,yes,northeast,22331.5668
37,female,23.37,2,no,northwest,6686.4313
50,female,27.6,1,yes,southwest,24520.264
43,male,27.8,0,yes,southwest,37829.7242
53,female,33.25,0,no,northeast,10564.8845
42,male,35.8,2,no,southwest,7160.094
18,female,40.26,0,no,southeast,1634.5734
32,female,37.145,3,no,northeast,6334.34355
56,female,25.3,0,no,southwest,11070.535
32,female,17.765,2,yes,northwest,32734.1863
32,female,24.6,0,yes,southwest,17496.306
50,male,32.205,0,no,northwest,8835.26495
42,male,31.255,0,no,northwest,6358.77645
46,male,33.44,1,no,northeast,8334.5896
22,male,33.77,0,no,southeast,1674.6323
54,female,31.9,1,no,southeast,10928.849
64,female,30.115,3,no,northwest,16455.70785
51,female,34.1,0,no,southeast,9283.562
32,male,27.835,1,no,northwest,4454.40265
42,female,37.9,0,no,southwest,6474.013
40,male,34.105,1,no,northeast,6600.20595
29,female,26.03,0,no,northwest,3736.4647
38,female,19.475,2,no,northwest,6933.24225
20,male,32.395,1,no,northwest,2362.22905
55,female,25.365,3,no,northeast,13047.33235
33,male,42.4,5,no,southwest,6666.243
38,male,34.7,2,no,southwest,6082.405
27,male,30.5,0,no,southwest,2494.022
49,male,30.3,0,no,southwest,8116.68
54,male,30.02,0,no,northwest,24476.47851
23,male,37.1,3,no,southwest,3597.596
31,male,27.645,2,no,northeast,5031.26955
47,female,36.63,1,yes,southeast,42969.8527
50,male,44.77,1,no,southeast,9058.7303
25,male,30.59,0,no,northeast,2727.3951
28,male,33.82,0,no,northwest,19673.33573
33,female,39.82,1,no,southeast,4795.6568
18,female,38.665,2,no,northeast,3393.35635
27,male,32.67,0,no,southeast,2497.0383
33,male,33.44,5,no,southeast,6653.7886
62,male,27.55,1,no,northwest,13937.6665
39,female,24.225,5,no,northwest,8965.79575
38,female,19.95,2,no,northeast,7133.9025
26,male,31.065,0,no,northwest,2699.56835
44,female,43.89,2,yes,southeast,46200.9851
48,female,36.575,0,no,northwest,8671.19125
45,female,28.6,2,no,southeast,8516.829
46,male,19.855,0,no,northwest,7526.70645
22,male,32.11,0,no,northwest,2055.3249
54,male,24.035,0,no,northeast,10422.91665
42,male,35.97,2,no,southeast,7160.3303
57,male,28.975,0,yes,northeast,27218.43725
33,male,24.795,0,yes,northeast,17904.52705
21,female,34.6,0,no,southwest,2020.177
28,female,26.315,3,no,northwest,5312.16985
42,female,29.48,2,no,southeast,7640.3092
33,male,35.245,0,no,northeast,12404.8791
43,female,46.2,0,yes,southeast,45863.205
31,male,25.9,3,yes,southwest,19199.944
37,female,34.105,1,no,northwest,6112.35295
43,male,27.36,3,no,northeast,8606.2174
19,male,17.48,0,no,northwest,1621.3402
56,male,32.11,1,no,northeast,11763.0009
31,male,28.595,1,no,northwest,4243.59005
42,male,37.18,2,no,southeast,7162.0122
47,female,33.915,3,no,northwest,10115.00885
39,male,32.34,2,no,southeast,6338.0756
38,female,34.8,2,no,southwest,6571.544
55,male,28.975,0,no,northeast,10796.35025
53,female,37.43,1,no,northwest,10959.6947
18,female,31.35,4,no,northeast,4561.1885
29,male,37.29,2,no,southeast,4058.1161
48,female,25.85,3,yes,southeast,24180.9335
59,male,25.46,0,no,northwest,12124.9924
